100	LAKES & RIVERS	River mentioned most often in the Bible	the Jordan
200	LAKES & RIVERS	Scottish word for lake	loch
400	LAKES & RIVERS	American river only 33 miles shorter than the Mississippi	the Missouri
500	LAKES & RIVERS	World's largest lake, nearly 5 times as big as Superior	the Caspian Sea
100	INVENTIONS	Marconi's wonderful wireless	the radio
200	INVENTIONS	In 1869 an American minister created this "oriental" transportation	the rickshaw
300	INVENTIONS	A 1920's hunting trip to Canada inspired Birdseye's food preserving method	freezing
400	INVENTIONS	This fastener gets its name from a brand of galoshes it was used on	a zipper
100	ANIMALS	These rodents first got to America by stowing away on ships	rats
200	ANIMALS	There are about 40,000 muscles & tendons in this part of an elephant's body	the trunk
300	ANIMALS	When husbands "pop" for an ermine coat, they're actually buying this fur	a weasel
400	ANIMALS	Close relative of the pig, though its name means "river horse\"	the hippopotamus
500	ANIMALS	If this species of hybrid's parents were reversed, you'd get a hinny	mule
100	FOREIGN CUISINE	The "coq" in coq au vin	chicken
200	FOREIGN CUISINE	A British variety is called "bangers", a Mexican variety, "chorizo\"	sausages
300	FOREIGN CUISINE	Jewish crepe filled with cheese	a blintz
400	FOREIGN CUISINE	French for a toothsome cut of beef served to a twosome	Châteaubriand
100	ACTORS & ROLES	Video in which Michael Jackson plays a werewolf & a zombie	\"Thriller\"
200	ACTORS & ROLES	2 "Saturday Night" alumni who tried "Trading Places\"	Dan Aykroyd & Eddie Murphy
300	ACTORS & ROLES	He may "Never Say Never Again" when asked to be Bond	Sean Connery
400	ACTORS & ROLES	The blonde preferred in the film "Gentlemen Prefer Blondes\"	Marilyn Monroe
500	ACTORS & ROLES	Sam Shepard played this barrier breaker in "The Right Stuff\"	Colonel Chuck Yeager
200	THE BIBLE	When "Joshua Fit The Battle Of Jericho", these took a tumble	the walls
400	THE BIBLE	His price was 30 pieces of silver	Judas
600	THE BIBLE	According to the Bible, it wasn't necessarily an apple	the forbidden fruit (or the fruit of the Tree of Knowledge)
800	THE BIBLE	Though its name means "city of peace", it's seen over 30 wars, the last in 1967	Jerusalem
1000	THE BIBLE	According to 1st Timothy, it is the "root of all evil\"	the love of money
200	\'50'S TV	Occupation of Richard Diamond, Peter Gunn & Mike Hammer	private eyes (or private detectives)
400	\'50'S TV	She was "Our Miss Brooks\"	Eve Arden
600	\'50'S TV	Amount Michael Anthony gave out each week on behalf of John Beresford Tipton	$1 million
800	\'50'S TV	His card read "Have gun, will travel\"	Paladin (Richard Boone)
1000	\'50'S TV	Name under which experimenter Don Herbert taught viewers all about science	Mr. Wizard
200	NATIONAL LANDMARKS	She came from France to harbor America's freedom	the Statue of Liberty
400	NATIONAL LANDMARKS	When he was home, George Washington slept here	Mount Vernon
600	NATIONAL LANDMARKS	The cornerstone of Massachusetts, it bears the date 1620	Plymouth Rock
800	NATIONAL LANDMARKS	Site where John Hancock signed his "John Hancock\"	Independence Hall
1000	NATIONAL LANDMARKS	D.C. building shaken by November '83 bomb blast	the Capitol
200	NOTORIOUS	It was probably a lyre, not a fiddle, if he played it while Rome burned	Nero
400	NOTORIOUS	His book, translated as "My Struggle", outlined plans to conquer Europe	Adolf Hitler
600	NOTORIOUS	Lenin called him ruthless, and his purges proved he was	Stalin
1000	NOTORIOUS	After the deed, he leaped to the stage shouting "Sic semper tyrannis\"	John Wilkes Booth
200	4-LETTER WORDS	Pulled the trigger or what's in a jigger	shot
400	4-LETTER WORDS	Basketball defense or Serling's twilight area	zone
600	4-LETTER WORDS	Little girls do it with a rope, Van Halen does it in a song	jump
1000	4-LETTER WORDS	It's the first 4-letter word in "The Star Spangled Banner\"	what
1000	4-LETTER WORDS	The president takes one before stepping into office	oath
0	HOLIDAYS	The third Monday of January starting in 1986	Martin Luther King Day
100	STATE CAPITALS	Until 1875 its dual capitals were New Haven & Hartford	Connecticut
200	STATE CAPITALS	This N.M. town is the oldest city that's a state capital	Santa Fe
300	STATE CAPITALS	Crossing the Delaware on Xmas, 1776, Washington defeated the Hessians at this N.J. capital	Trenton
400	STATE CAPITALS	It actually is 5,280 feet above sea level	Denver
500	STATE CAPITALS	The name shows its founder, Roger Williams, believed God led him there	Providence
100	THE '40'S	Though faster than a speeding bullet, he was ruled 4-F	Superman
200	THE '40'S	By war's end, they had banked over 13 million units of blood for plasma	the Red Cross
300	THE '40'S	Not his singing, but a lack of lunch caused fan to swoon at his Paramount Theater concert	Frank Sinatra
400	THE '40'S	Destination of MacArthur's "I shall return\"	the Philippines
500	THE '40'S	Wartime pseudonym of Mrs. I. Toguri D'Aquino	Tokyo Rose
100	TRANSPORTATION	Type of auto engine, or a tomato cocktail	V8
200	TRANSPORTATION	Lindbergh was not first to fly the Atlantic, but first to do it this way	solo
300	TRANSPORTATION	Derived from words "American", "travel", & "track", it provides most U.S. passenger rail service	Amtrak
400	TRANSPORTATION	London's, not New York's, was the first ever built	subway (underground, metro)
500	TRANSPORTATION	Changing lines, you could have at one time ridden these from Freeport, IL to Utica, NY	streetcars
100	COUNTRY MUSIC	A grandma before her 30th birthday, she's the real "Coal Miner's Daughter\"	Loretta Lynn
200	COUNTRY MUSIC	Nashville's Ryman Auditorium was its home for years	the Grand Ole Opry
300	COUNTRY MUSIC	In "True Grit", he played a cowboy, but not his famous Rhinestone one	Glen Campbell
400	COUNTRY MUSIC	His famed San Quentin concert inspired inmate Merle Haggard	Johnny Cash
100	BY THE NUMBERS	The 2 digits that give James Bond license to kill	00
200	BY THE NUMBERS	Three Dog Night called this the loneliest number	\"One\"
300	BY THE NUMBERS	Number of red stripes on current U.S. flag	7
400	BY THE NUMBERS	Total of Disney's Dalmatians and dwarfs	108
500	BY THE NUMBERS	Broadway hit that takes Fellini film a ½ step further	Nine
200	WILD WEST	One of its newspapers was appropriately called "The Epitaph\"	Tombstone
400	WILD WEST	She once shot a cigarette from the mouth of the German crown prince	Annie Oakley
600	WILD WEST	In 650,000 miles the mail was lost only once	the Pony Express
800	WILD WEST	Brothers Virgil & Morgan were shot here, but Wyatt Earp emerged unscathed	(the gunfight at) the OK Corral
1000	WILD WEST	It ran 2,000 miles, from Independence, Missouri to Oregon City, Oregon	the Oregon Trail
200	OPERA	The Lone Ranger's theme is the opera's overture	(The) William Tell (Overture)
400	OPERA	Profession of Rossini's Figaro	a barber
800	OPERA	Lt. Pinkerton's girlfriend Cio-Cio-San	Madame Butterfly
1000	OPERA	1976 was also the bicentennial of this famed Milan opera house	Teatro alla Scala
200	SPORTS	The Greeks reckoned time from this event, first held in Olympia in 776 B.C.	the Olympics
200	BIOLOGY	Genus Rana; frequent victim of biology class dissections	a frog
400	BIOLOGY	L.B.J.'s hound dog or Darwin's ship	the Beagle
600	BIOLOGY	The basic unit of life; 3 billion die every minute in your body	cells
800	BIOLOGY	It puts the green in greenery	chlorophyll
1000	BIOLOGY	Deoxyribonucleic acid	DNA
200	FOREIGN PHRASES	In Germany, said before a toast & after a sneeze	Gesundheit
400	FOREIGN PHRASES	American equivalent to English "the bonnet on a lorry\"	the hood of a truck
600	FOREIGN PHRASES	From French, it literally means "a pen name\"	nom de plume
800	FOREIGN PHRASES	The vidi, in "Veni, vidi, vici\"	I saw
200	RELIGION	He was the doubter among the Apostles	(St.) Thomas
400	RELIGION	Continent with the largest Jewish population	North America
600	RELIGION	Color of smoke signifying election of new Pope	white
800	RELIGION	This Buddhist sect seeks truth through concepts like "the sound of one hand clapping\"	Zen
1000	RELIGION	This word for the Mohammedan religion means "submission to the will of God\"	Islam
0	THE CALENDAR	Calendar date with which the 20th century began	January 1, 1901
100	U.S. HISTORY	This colonial inventor suggested Daylight Saving Time	Benjamin Franklin
200	U.S. HISTORY	On the eve of the Civil War, some 2,000 slaveholders were of this race	black (or negro)
100	3-LETTER WORDS	A fedora, homburg or derby	a hat
200	3-LETTER WORDS	Quixote or Drysdale	a Don
300	3-LETTER WORDS	Opposite of flow, tides do it	ebb
400	3-LETTER WORDS	Where things are nipped in, or Lou's partner	bud
500	3-LETTER WORDS	Some people have a quick one, which beats a ½ one	wit
100	AUTOMOBILES	He'd build you a Model T "in any color, so long as it was black\"	Henry Ford
200	AUTOMOBILES	This toy company builds more cars than Ford, G.M. & Chrysler combined	Mattel
300	AUTOMOBILES	Powered by this, the Stanley Special won in Daytona in 1907 at 197 MPH	steam
400	AUTOMOBILES	In Japan it's called "rasshu awa"; in L.A, 4 to 6 P.M.	rush hour
400	AUTOMOBILES	Models of Ford, Chrysler, & Cadillac are all named for cities in this S. European country	Spain
100	BROADWAY	4-letter play about 9-lived creatures	Cats
200	BROADWAY	\"The avenue we're taken to" in this long-running toe-tapper	42nd Street
300	BROADWAY	Nickname of the American Theatre Wing's Antoinette Perry Award	the Tony
400	BROADWAY	2-time Academy Award winner who reprised "Little Foxes" in 1980	Elizabeth Taylor
500	BROADWAY	100s of former cast members appeared onstage when it became longest-running show	A Chorus Line
100	ANIMALS	Scooby-Doo, Goofy & Pluto are cartoon versions	dogs
200	ANIMALS	\"Eager" animal that symbolizes Canada	the beaver
300	ANIMALS	They include killers, humpbacks & sperms	whales
500	ANIMALS	Tibetan ox used to carry travelers and mail	a yak
100	ROYALTY	While on the Riviera, she made "To Catch a Thief" & caught a prince	Princess Grace
200	ROYALTY	King for 72 years, he devoted more than 40 to building Versailles	Louis XIV (of France)
300	ROYALTY	Temporarily exiled in '53, this Islamic ruler was permanently banished in '79	Shah of Iran
400	ROYALTY	Royal families of Germany, Russia, Denmark & Greece could call her "the grandmother of Europe\"	Queen Victoria (of England)
500	ROYALTY	Country where Queens Beatrix, Wilhelmina & Juliana were inaugurated, not crowned	the Netherlands (Holland)
200	NEW TESTAMENT	Jesus' first miracle was to turn water into this	wine
400	NEW TESTAMENT	According to both New & Old Testaments, how "thou shalt love they neighbor\"	as thyself
600	NEW TESTAMENT	The "sea" that Jesus walked on	the Sea of Galilee
800	NEW TESTAMENT	In Damascus, "the scales fell from his eyes\"	Paul (Saul)
1500	NEW TESTAMENT	\"Blessed are" these "for they shall be called the children of God\"	the peacemakers
200	COLLEGES	A type of shoe or cloth, or where a Rhodes scholarship will get you	Oxford
400	COLLEGES	Home of over 52,000 Buckeyes	Ohio State University
600	COLLEGES	Latin for field, or college grounds	campus
800	COLLEGES	In 1934, Gerald Ford was voted MVP of this school's football team	(University of) Michigan
1000	COLLEGES	Women's college that shares Harvard's classes, housing & facilities but still is separate	Radcliffe
600	MOUNTAINS	First volcano to erupt in continental U.S. since 1921	Mount St. Helens
800	MOUNTAINS	Home to alpacas & llamas	the Andes
1000	MOUNTAINS	Tibetans call it Chomolunga, Nepalese call it Sagarmatha, both call it theirs	Mount Everest
200	WORLD OF FOOD	Like chop suey, this Chinese sweet was invented in America	the fortune cookie
400	WORLD OF FOOD	When its coffee crop was destroyed around 1870, Ceylon switched to growing this	tea
800	WORLD OF FOOD	French for "sour wine", one variety is literally just that	vinegar
1000	WORLD OF FOOD	Stem of a variety of lily, known in Old England as "sparrow grass\"	asparagus
200	BASEBALL	Before 1859 they sat in padded rocking chairs behind the catcher	umpires
200	ASTRONOMY	Self-luminous gaseous body, or hollywood "celeb\"	a star
400	ASTRONOMY	The evening or morning "star" is really this planet	Venus
600	ASTRONOMY	Planet once thought unique, it no longer runs "rings" around its neighbors	Saturn
800	ASTRONOMY	Launched Oct. 4th, 1957, it was Earth's 1st artificial satellite	Sputnik
1000	ASTRONOMY	Only planet to have seasons similar to Earth's	Mars
0	LANGUAGE	It is the 2nd most spoken language in the world	English
100	GEOGRAPHY	Christmas, Easter, or Bermuda, for example	islands
200	GEOGRAPHY	Europe's only wild monkeys live on this "rock\"	(rock of) Gibraltar
300	GEOGRAPHY	1/3 the size of U.S., this royal kingdom has no rivers or lakes but lots of oil	Saudi Arabia
400	GEOGRAPHY	Largest country entirely in Europe	France
500	GEOGRAPHY	Clocks in Lima, Peru, read the same as in this U.S. time zone	Eastern
100	BY THE NUMBERS	The 1st asked in this game is usually "Animal, vegetable or mineral?\"	Twenty Questions
200	BY THE NUMBERS	The two point values an ace can have in blackjack	1 and 11
300	BY THE NUMBERS	Police precinct Barney Miller "dozen" work at any more	the 12th
400	BY THE NUMBERS	A race run by couples tied together at the ankle	a 3-legged race
500	BY THE NUMBERS	Musical about Continental Congress, it included song "Sit Down, John\"	1776
100	TOYS & GAMES	Number of pockets on a pool table	6
200	TOYS & GAMES	Color that always has opening move in chess	white
300	TOYS & GAMES	Versions of this board game take place in London, Madrid, & Atlantic City	Monopoly
400	TOYS & GAMES	Binney & Smith makes them in 64 colors	(Crayola) crayons
500	TOYS & GAMES	She's been a teenage fashion model for over 25 years	Barbie
100	TRANSPORTATION	It could be paddle wheel, cargo or tramp	a steamer
200	TRANSPORTATION	Charlton Heston was "on track" with it in "Ben Hur\"	a chariot
100	FLOWERS & TREES	Its seed is used in baking, but 1 type produces opium	the poppy
200	FLOWERS & TREES	Long associated with Lebanon, this tree is on its flag	a cedar
100	TRIVIA	In 1983 Americans used over 1¼ million gallons of this beach product	suntan lotion
200	TRIVIA	When it was rung for Chief Justice John Marshall's funeral, it cracked	the Liberty Bell
300	TRIVIA	\"Kingdom" that Khrushchev couldn't visit in 1959 U.S. trip	the Magic Kingdom/Disneyland
400	TRIVIA	Dr. Seuss' egg-hatching elephant who was "faithful, 100%\"	Horton
500	TRIVIA	It spent the night in a discount-house parking lot before heading to L.A. Coliseum	the Olympic torch
200	THE CIVIL WAR	Lincoln's four brothers-in-law all served in this army	the Confederate army
400	THE CIVIL WAR	Though shots fired at this garrison started the war, no casualties resulted	Fort Sumter
600	THE CIVIL WAR	He was Lincoln's first choice to lead the Union army	Robert E. Lee
800	THE CIVIL WAR	State that seceded from state that seceded	West Virginia
1000	THE CIVIL WAR	General Nicknamed "Uncle Billy" who believed in total war	(William Tecumseh) Sherman
200	ANATOMY	Mark Anthony borrowed them, then bent them	ears
400	ANATOMY	Over ½ of these are in your hands & feet	your bones
600	ANATOMY	Number of chambers in a judge's heart	4
800	ANATOMY	The body has over 60,000 miles of them	blood vessels
3500	ANATOMY	Prominent zygomatic bones, considered an attractive facial feature	cheek bones
200	MOVIES	To Dustin Hoffman this '82 film was a "drag\"	Tootsie
400	MOVIES	Film featuring March & Gaynor, Garland & Mason or Streisand & Kristofferson	A Star Is Born
600	MOVIES	In '84 he's a destroyer, in '82 he was just a barbarian	Conan
800	MOVIES	Walter Matthau & Tony Curtis both coached this kids' baseball team	The Bad News Bears
1000	MOVIES	Went from bit part in film "Little Shop of Horrors" to Oscars for Best Actor & Best Support	Jack Nicholson
200	STATE CAPITALS	It succeeded Fort Whipple, Prescott, & Tucson as capital	Phoenix
400	STATE CAPITALS	Lincoln lived & practiced law here for 25 years before becoming president	Springfield
600	STATE CAPITALS	1 of 4 state capitals that end in word "City\"	(1 of) Salt Lake City, Oklahoma City, Jefferson City, Carson City
200	ALPHABET SOUP	He's the heavyweight of the A-Team	Mr. T
400	ALPHABET SOUP	Caveman comic strip created by Johnny Hart	\"B.C.\"
600	ALPHABET SOUP	Letter shared by sensuous woman author & 76'ers Doctor	J
800	ALPHABET SOUP	What Bo Derek would have been in ancient Rome	X
1000	ALPHABET SOUP	Binet & Simon's measure of mental age	the IQ
200	BUSINESS & INDUSTRY	\"Body-building" brand of bread from "the bakery people of IT&T\"	Wonder Bread
400	BUSINESS & INDUSTRY	In 1978, this German co. became first foreign automaker to make cars here	Volkswagen
600	BUSINESS & INDUSTRY	This company owns the world's tallest building	Sears(-Roebuck)
800	BUSINESS & INDUSTRY	Piggly Wiggly stores were the first of these	supermarkets
0	AMERICAN GOVERNMENT	Since 1970, the only cabinet department not headed by a secretary	the Attorney General's Department
100	AMERICAN LITERATURE	Melville's white whale tale	Moby-Dick
200	AMERICAN LITERATURE	Lincoln called it "the book that caused the big war\"	Uncle Tom's Cabin
300	AMERICAN LITERATURE	Steinbeck novel dubbed "the Uncle Tom's Cabin of the Depression\"	The Grapes of Wrath
400	AMERICAN LITERATURE	He gave Hester a scarlet "A\"	Nathaniel Hawthorne
500	AMERICAN LITERATURE	Great-grand nephew of Francis Scott Key, he was the voice of the Jazz Age	F. Scott Fitzgerald
100	ALL NUMBERS	It was "enough" for Dick van Patten	Eight
200	ALL NUMBERS	A teen's "sweet" age	16
100	RELIGION	Country that is home to Parsis & Sikhs	India
200	RELIGION	More common name for The Watchtower Bible & Tract Society	Jehovah's Witnesses
300	RELIGION	Some 3 million pilgrims visit this small French town annually	Lourdes
100	TRIVIA	\"Only you can prevent forest fires\"	Smokey the Bear('s motto)
200	TRIVIA	Nickname of our 16th president & Li'l Abner's son	Honest Abe
300	TRIVIA	Though this actress' cat is named for Buster Keaton, she's really no relation	Diane Keaton
400	TRIVIA	Above this I.Q. mark, you're considered a genius	140
500	TRIVIA	State name that's misspelled on the Liberty Bell	Pennsylvania
100	NATIONAL PARKS	Due to earthquakes, this Yellowstone geyser no longer erupts on time	Old Faithful
200	NATIONAL PARKS	Logs in this forest may be 150 million years old	the Petrified Forest
300	NATIONAL PARKS	There are still unexplored areas of these New Mexico caves	Carlsbad Caverns
400	NATIONAL PARKS	Mount Whitney, highest point in lower 48 states, is in this park named for its trees	Sequoia National Park
500	NATIONAL PARKS	This southern subtropical wilderness is home to manatees & TV's "Gentle Ben\"	the Everglades
100	TRIOS	D'Artagnan's best buddies	the Three Musketeers
200	TRIOS	With them under foot, Uncle Donald's life wasn't duck soup	Huey, Dewey, and Louie
300	TRIOS	\"Candy Man" who began with the Will Mastin Trio	Sammy Davis, Jr.
400	TRIOS	Classic TV puppet show which also featured Beulah Witch & Delores Dragon	Kukla, Fran & Ollie
500	TRIOS	Apollo II trio; while Collins circled Moon, these 2 landed	Neil Armstrong & Buzz Aldrin
200	CHEMISTRY	Coal & diamonds both consist of it	carbon
400	CHEMISTRY	Common kitchen substance known chemically as sodium chloride	salt
800	CHEMISTRY	Used in cars' catalytic converters, it's more expensive than gold	platinum
1000	CHEMISTRY	U.S. & Canada produce almost entire world supply of this lightest inert gas	helium
200	THE PRESS	It carries the motto "All the news that's fit to print\"	The New York Times
400	THE PRESS	First published in 1889 by the Dow Jones Co.	The Wall Street Journal
600	THE PRESS	Harvard Lampoon alumnus, by 1937 he owned 25 daily newspapers & a California castle	William Randolph Hearst
1000	THE PRESS	The official news agency of the Soviet Union	TASS
200	TRAVEL & TOURISM	Although this Roman arena could hold 50,000, it's not on the Jackson tour	the Colosseum
400	TRAVEL & TOURISM	Date just west of this is 1 day later than the date just east	the International Date Line
800	TRAVEL & TOURISM	Official endorsement to show validity of a passport, or a major credit card	a visa
1000	TRAVEL & TOURISM	Currency of Liechtenstein, Luxembourg & Andorra	the franc
200	STARTS WITH "J\"	The first Mrs. Bonaparte	Josephine
400	STARTS WITH "J\"	A puzzle people go to pieces over	a jigsaw puzzle
600	STARTS WITH "J\"	The police say "fine" for crossing the street this way	jaywalking
3000	STARTS WITH "J\"	The only "J" in the Pledge of Allegiance	justice
1000	STARTS WITH "J\"	Event an Olympian throws	javelin
200	SHAKESPEARE	Hamlet found "something rotten" in this country	Denmark
400	SHAKESPEARE	The Moor who loved Desdemona "not wisely, but too well\"	Othello
600	SHAKESPEARE	Battle of the sexes on which musical "Kiss Me Kate" was based	The Taming of the Shrew
800	SHAKESPEARE	Chubby character who loved his ale & supplied the name for one	Falstaff
1000	SHAKESPEARE	She was 8 years older & 3 months pregnant when Shakespeare married her	Anne Hathaway
200	SPORT OF KINGS	Horse racing was a sport at these ancient Greek contests	the Olympics
400	SPORT OF KINGS	Collective name of Kentucky Derby, Preakness, & Belmont Stakes	the Triple Crown
600	SPORT OF KINGS	Billy the Cobbler, or a famous jockey	Willie Shoemaker
800	SPORT OF KINGS	Since 1936, because of this, horses "say cheese" at the end of races	a photo finish
1000	SPORT OF KINGS	All U.S. thoroughbreds are officially born on this day of the year	January 1
0	THE OLYMPICS	Of the 5 continents symbolized by Olympic rings, only one never to hold Games	Africa
100	FICTION	Shakespeare's "star-crossed" lovers	Romeo and Juliet
200	FICTION	The "lovable" family of Peter Pan	the Darlings
300	FICTION	\"Cat on a Hot Tin Roof's" portly patriarch	Big Daddy
400	FICTION	The Philip Roth character with a "complaint\"	Portnoy
500	FICTION	Pasternak's Moscow medic	Dr. Zhivago
100	FIRST LADIES	She talked to Arnold's class about drugs on TV's "Diff'rent Strokes\"	Nancy Reagan
200	FIRST LADIES	One of her early suitors was her husband's arch rival, Stephen A. Douglas	Mary Todd Lincoln
300	FIRST LADIES	Teddy's niece, her married & maiden names were the same	Eleanor Roosevelt
400	FIRST LADIES	Her tough Texas husband preferred her nickname to calling her Claudia Alta	Lady Bird Johnson
1000	FIRST LADIES	She was expelled from Society of Friends for marrying non-Quaker 4th president	Dolley Madison
100	MYSTERIES	Dashiell Hammett detective played on the screen by Humphrey Bogart	Sam Spade
200	MYSTERIES	1st cousins Dannay & Lee wrote the Ellery Queen stories under this pen name	Ellery Queen
300	MYSTERIES	This agency's symbol of an unblinking eye gave birth to the phrase "private eye\"	the Pinkerton agency
400	MYSTERIES	She's Agatha Christie's ageless amateur detective	Miss (Jane) Marple
500	MYSTERIES	Author of "Burr" who wrote chilling mysteries under the pen name Edgar Box	Gore Vidal
100	RACY LADIES	Driving with a broken wrist, Janet Guthrie was the 1st woman to compete in this race	the Indianapolis 500
200	RACY LADIES	Though a hot prospect in '80, Beth Heiden was frozen out of gold in this Olympic sport	speed skating
300	RACY LADIES	Never has to jockey for position as Mrs. Fred Astaire	Robyn Smith
100	ADDRESSES	The prime minister of England lives here	10 Downing Street
200	ADDRESSES	Feathered friend who lives at 123½ Sesame Street	Big Bird
300	ADDRESSES	He shared digs with John Watson at 221-B Baker Street	Sherlock Holmes
400	ADDRESSES	\"Kookie" Byrnes parked cars for Dino's Lodge	77 Sunset Strip
500	ADDRESSES	You'd find this at 1313 S. Harbor Boulevard in Anaheim, CA	Disneyland
100	TRIVIA	They were formerly called the Sandwich Islands	Hawaii
200	TRIVIA	Number of blank tiles in a Scrabble set	2
300	TRIVIA	Longest river in Canada or the SCTV bros.	the Mackenzie
400	TRIVIA	It's whom Boris Spassky lost the chess crown to in 1972	Bobby Fischer
500	TRIVIA	Awarded medal as "1st woman to be killed in action" in WWII: she was Gable's wife	Carole Lombard
200	BLACK AMERICA	The first black in Big League Baseball	Jackie Robinson
400	BLACK AMERICA	Forced to give up crown as Miss America because of photos in "Penthouse\"	Vanessa Williams
600	BLACK AMERICA	A symbol for black performers in film since the '50's, he won an Oscar as Best Actor in '63	Sidney Poitier
800	BLACK AMERICA	As result of anti-slavery raid on Harper's Ferry, his "body lies a moldering in the grave\"	John Brown
1000	BLACK AMERICA	Harriet Tubman, who freed over 300 slaves, was 1 of its foremost "conductors\"	the Underground Railroad
200	GRAMMAR	The adverb in "think fast\"	fast
400	GRAMMAR	The superlative form of good	best
2000	GRAMMAR	It can be common, proper, collective or concrete	a noun
800	GRAMMAR	3-letter ending of present participles & gerunds	-ing
1000	GRAMMAR	It comes at the end of a declarative sentence	a period
200	BROTHERS & SISTERS	An "easy rider" whose sister played an easy lady in "Klute\"	Peter Fonda
400	BROTHERS & SISTERS	In the Bible, Aaron was this brother's mouthpiece in dealing with Pharaoh	Moses
600	BROTHERS & SISTERS	Nursing mother who wouldn't make "house calls", she's Vanessa's sister	Lynn Redgrave
800	BROTHERS & SISTERS	Apollo's loving sister, sometimes served on the half shell	Venus
200	GREEK MYTHOLOGY	Hilltop home of the gods	Mt. Olympus
400	GREEK MYTHOLOGY	He ultimately got "fleeced" by Medea	Jason
600	GREEK MYTHOLOGY	A challenge to any optician, these giants had only one eye	cyclops
800	GREEK MYTHOLOGY	A "bull" of a man, he lived in a labyrinth	the Minotaur
1000	GREEK MYTHOLOGY	First member of the "me" generation, this youth fell in love with his own reflection	Narcissus
200	FOODS	\"Real men" don't eat this French custard cheese pie	quiche
400	FOODS	On the market since 1896, it wasn't until 1912 that they included prizes	Cracker-Jacks
200	SOVIET UNION	Largest Soviet newspaper, its name means "Truth\"	Pravda
400	SOVIET UNION	Daughter of this Soviet ruler has been living in America since 1967	Stalin
600	SOVIET UNION	Soviet republic that has same name as an American state	Georgia
800	SOVIET UNION	Soviet official who advocated using gasoline-filled bottles against Nazi tanks	Molotov
0	SCIENCE	The mammal that holds the record for the longest lifespan	man
100	GEOGRAPHY	Formerly Formosa	Taiwan
200	GEOGRAPHY	Dutch is still an official language in what is now called Suriname	Dutch Guiana
300	GEOGRAPHY	8th most populous country in the world, this "Bengal Nation" was once East Pakistan	Bangladesh
400	GEOGRAPHY	First colony since 1776 to break from Britain without consent, it is now Zimbabwe	Rhodesia
500	GEOGRAPHY	About 1/3 of Africa's Pygmy population lives in what was once Belgian Congo	Zaire
100	DOUBLE TALK	Not a Hawaiian cow, but a dress worn by Hawaiian women	a muumuu
200	DOUBLE TALK	Affirmative reply to an admiral's command	aye aye
300	DOUBLE TALK	Adopted baby of Barney & Betty Rubble	Bamm-Bamm
400	DOUBLE TALK	Washington's panda with pregnancy problems	Ling-Ling
500	DOUBLE TALK	British rockers whose name came from villain in sci-fi film "Barbarella\"	Duran Duran
100	\"JACKS" OF ALL TRADES	He celebrated his 39th birthday 41 times	Jack Benny
200	\"JACKS" OF ALL TRADES	Between him & his wife, they licked the platter clean	Jack Sprat
300	\"JACKS" OF ALL TRADES	He didn't find gold in the Klondike, so he wrote "The Call of the Wild\"	Jack London
400	\"JACKS" OF ALL TRADES	His nickname was the "Manassa Mauler\"	Jack Dempsey
500	\"JACKS" OF ALL TRADES	2nd generation pop singer, he's sung on every "Love Boat" voyage	Jack Jones
100	SHIPS	\"Unsinkable" for most of its maiden voyage in 1912	the Titanic
200	SHIPS	Merchant ship that made the trip in 1620 from Plymouth to Cape Cod	the Mayflower
300	SHIPS	He entertained world leaders on his yacht "Christina\"	(Aristotle) Onassis
400	SHIPS	Royal neighbor of the Spruce Goose	the Queen Mary
500	SHIPS	At some 500' long & with 9 masts, the "Cheng Ho" was largest of this kind	a junk
100	\"B" MOVIES	In '61 movie, Audrey Hepburn's alternative to brunch in bed	Breakfast at Tiffany's
200	\"B" MOVIES	Burt Lancaster film in which his only friends were feathered	Birdman of Alcatraz
300	\"B" MOVIES	Poignant movie in which Peter Sellers turned on the TV & tuned out the world	Being There
400	\"B" MOVIES	This title describes Carroll Baker's thumb-sucking character & nightie she wore	Baby Doll
500	\"B" MOVIES	Sensitive Mart Crowley treatment of gays marching to a different drummer	The Boys in the Band
100	SPORTS	What Gary Player plays professionailly	golf
500	SPORTS	Boxer whose life was portrayed in "Somebody Up There Likes Me\"	Rocky Graziano
200	LABOR UNIONS	Notorious labor leader missing since '75	Jimmy Hoffa
200	1789	Washington proclaimed Nov. 26, 1789 this first national holiday	Thanksgiving
400	1789	Why April 28th was a bad day for Capt. Bligh	the day of the mutiny on the Bounty
1000	1789	Now totaling over $1 trillion, it began 11 days after Treasury was established in 1789	the national debt
200	TOURIST TRAPS	Both Ferde Grofe' & the Colorado River dug this national park	the Grand Canyon
400	TOURIST TRAPS	Seaside resort that has a monopoly on East Coast gambling	Atlantic City, New Jersey
600	TOURIST TRAPS	Since '27, stars have made good impressions at this Hollywood site	Mann's Chinese Theatre
800	TOURIST TRAPS	A thrilling destination for tight-rope walkers & honeymooners	Niagara Falls
1000	TOURIST TRAPS	Tourists know this Catholic mission as Davy Crockett's last stand	the Alamo
200	LITERATURE	Depending on the book, he could be a "Jones", a "Sawyer", or an "Uncle\"	Tom
400	LITERATURE	He wrote "The 3 Musketeers"; his son wrote "Camille\"	(Alexandre) Dumas
600	LITERATURE	Where you can't go again in Thomas Wolfe title	home
800	LITERATURE	Irving's bird-like hero chased by the Headless Horseman	Ichabod Crane
1000	LITERATURE	Shaw's scorched saint	St. Joan of Arc
200	HOMONYMS	Hindu hierarchy or a play's actors	a caste (cast)
400	HOMONYMS	Near or a purchase	by (buy)
600	HOMONYMS	A fixed look, or Ginger Rogers' partner	a stare (Astaire)
1000	HOMONYMS	Didn't see the fog	missed (mist)
1000	HOMONYMS	Where ships dock or what a jury consists of	piers (peers)
200	TV TRIVIA	Last season, this series mourned the loss of Sgt. Esterhaus	Hill Street Blues
400	TV TRIVIA	He went from the Ponderosa to the prairie	Michael Landon
600	TV TRIVIA	In 1970 he had a "Goodtime Hour\"	Glen Campbell
800	TV TRIVIA	Jackie Gleason show that rejected titles "The Lovers" & "The Couple Next Door\"	The Honeymooners
1000	TV TRIVIA	In court, he'd always make mincemeat of Hamilton Burger	Perry Mason
0	U.S. PRESIDENTS	Adventurous 26th president, he was 1st to ride in an automobile & an airplane	Theodore Roosevelt
100	GAY '90S	By '97 they had air-filled rubber tires, coaster brakes & adjustable handlebars	bicycles
200	GAY '90S	It sank in Havana Harbor & set off a war	the Maine
300	GAY '90S	On March 18, 1891, this mode of communication was inaugurated between London & Paris	the telephone
100	POTENT POTABLES	In 1935 Kreuger's Cream Ale was the first beer sold in these	cans
200	POTENT POTABLES	Never swallowing, they sip, swish, gargle, then spit out what they sample	what wine tasters do
300	POTENT POTABLES	This 19th century Philadelphia distiller's name became slang for liquor	Booze
400	POTENT POTABLES	Derived from Hindu word for "5", describing number of ingredients mixed in a large bowl	punch
500	POTENT POTABLES	C2H5OH	the formula for alcohol
100	STATES IN SONG	It's where I came from with a banjo on my knee	Alabama
200	STATES IN SONG	According to Beach Boys' hit, state with the cutest girls in the world	California
300	STATES IN SONG	State where you'd find Elvis' rain & Diamond's woman	Kentucky
400	STATES IN SONG	The alternate lyrics to "I've Been Working On The Railroad\"	\"The Eyes Of Texas\"
500	STATES IN SONG	Patti Page hit that is official song of a southern state	\"The Tennessee Waltz\"
100	OLD TESTAMENT	Delilah gave him a real trimming	Samson
200	OLD TESTAMENT	In Hebrew its name means "Sea of Reeds\"	the Red Sea
300	OLD TESTAMENT	Through sons Isaac & Ishmael both Jews & Arabs descend from him	Abraham
400	OLD TESTAMENT	The name "Palestine" comes from these Biblical enemies of Israel	the Philistines
500	OLD TESTAMENT	Sorrowful O.T. prophet, his name now refers to predictors of doom	Jeremiah
100	HOLIDAYS	Italian-American's have made this their equivalent of St. Patrick's Day	Columbus Day
200	HOLIDAYS	Though we "love" his "day", he's been taken off calendar of saints	St. Valentine
300	HOLIDAYS	The eve of All Saints' Day	Halloween
400	HOLIDAYS	In colonial Massachusetts, Puritans made this Christian holiday illegal	Christmas
500	HOLIDAYS	Several Southern states celebrate his June 3rd birthday instead of Lincoln's	Jefferson Davis
100	STARTS WITH "Q\"	Klugman's coroner	Quincy
200	STARTS WITH "Q\"	Hugo's hunchback	Quasimodo
300	STARTS WITH "Q\"	\"To be or not to be\"	the question
400	STARTS WITH "Q\"	Oldest city in Canada	Quebec
500	STARTS WITH "Q\"	Popular name of the Religious Society of Friends	the Quakers
200	U.S. HISTORY	In '63, 200,000 Washington marchers heard him say, "I have a dream\"	Martin Luther King, Jr.
400	U.S. HISTORY	The last occasion Congress declared war on any country	World War II
800	U.S. HISTORY	Only state carried by George McGovern in '72 election	Massachusetts
1000	U.S. HISTORY	Justice Hugo Black, a leading supporter of school desegregation, was once member of this group	the KKK
200	SHAKESPEARE	Shakespeare's only comedy with "comedy" in the title	Comedy of Errors
400	SHAKESPEARE	In it, Puck comments: "Lord, what fools these mortals be!\"	A Midsummer Night's Dream
600	SHAKESPEARE	What Shylock demanded instead of interest	a pound of flesh
800	SHAKESPEARE	Completes the line "If music be the food of love...\"	play on
1000	SHAKESPEARE	Hamlet's closest friend, only major character left alive at play's end	Horatio
1000	MUSICAL INSTRUMENTS	Plucked instrument brought to U.S. by slaves, now a fixture in bluegrass	the banjo
200	HOMONYMS	Dave Garroway's sign-off, or a slice of cake	peace (piece)
400	HOMONYMS	What Oliver Twist wanted, or Susan Anton's diminutive date	more (Moore)
600	HOMONYMS	Olympic swimmer, or what a tobacco chewer does into a spittoon	Spitz (spits)
800	HOMONYMS	Expensive onion, or what happens when there's a hole in the bucket	leek (leak)
1000	HOMONYMS	A peasant, or where you hang 10	serf (surf)
800	LANDMARKS	Only 1 of the 7 wonders of the ancient world still standing	the Great Pyramid
600	LANDMARKS	Though unmarried & childless, he lives in the world's largest residential palace	the Pope
200	TV TRIVIA	Every week this comedienne was "so glad we had this time together\"	Carol Burnett
400	TV TRIVIA	Richard Carlson "led" this number of lives as a communist counterspy & FBI agent	3
600	TV TRIVIA	Lucy & Desi's TV production company	Desilu
800	TV TRIVIA	Series which pitted "CONTROL" against "KAOS\"	Get Smart
1000	TV TRIVIA	Crooner who was 1st offered role of "Columbo" but turned it down because he didn't need the money	Bing Crosby
0	TITLED HEADS	N.Y. financier Al Grimaldi is next in line for throne of this Mediterranean principality	Monaco
100	WORLD CAPITALS	Costa Rican capital people might know the way to	San Jose
200	WORLD CAPITALS	It's divided into the Kanda, Marunoucki, Asakusa & Ginza districts	Tokyo
300	WORLD CAPITALS	Home to NATO & little green sprouts	Brussels
400	WORLD CAPITALS	This capital's street signs are in English, Arabic & Hebrew	Jerusalem
500	WORLD CAPITALS	If the other twin had founded it, it might have been called "Reme\"	Rome
100	FOODS	Southern specialty & America's favorite main dish	southern fried chicken
200	FOODS	Deli delight, from Yiddish for Ring	a bagel
300	FOODS	Pickle men, not doctors, do this for bacon & ham	cure
500	FOODS	East Indians who never ask "Where's the beef?\"	Hindus
100	SPORTS	Sport which uses epees, foils & sabres	fencing
200	SPORTS	Name given to annual competition among U.S. amateur boxers	the Golden Gloves
300	SPORTS	Number of downs allowed in Canadian football to advance the ball 10 yards	3
300	SPORTS	Because of WWII, these 2 NFL teams combined squads in '43 to become the "Stegles\"	the Steelers and Eagles
500	SPORTS	Ex-Boston Celtics' star who has refused induction into Basketball Hall of Fame	Bill Russell
100	INVENTIONS	He invented the Franklin stove	Ben Franklin
200	INVENTIONS	Detection of gamma rays was 1 of the uses for this 1947 instant picture taker	a Polaroid-Land camera
300	INVENTIONS	2,160 people at a time could ride on this at the 1893 Chicago World's Fair	a Ferris wheel
400	INVENTIONS	Edison suggested it be used to record phone calls & make clocks talk	the phonograph
500	INVENTIONS	The first patent pool was for this invention by Howe, Hunt & Singer	the sewing machine
100	MAMMALS	Romans called this African beast a "tiger horse\"	a zebra
200	MAMMALS	The only flying mammal	a bat
300	MAMMALS	A black panther is really the black version of this cat	a leopard
400	MAMMALS	Plays dead to escape predators, but one was close friends with an alligator	an opossum
500	MAMMALS	Weighing 1½ tons per foot, this mammal generates up to 500 H.P. with its tail	the blue whale
100	BEGINS WITH "L\"	Erich Segal's "story\"	Love Story
200	BEGINS WITH "L\"	An air bubble tells a carpenter if he's on it	a level
300	BEGINS WITH "L\"	The L in L.P.G.A.	Ladies\'
400	BEGINS WITH "L\"	A, B, M, P, or Z, for example	letters
500	BEGINS WITH "L\"	It's what bread has & matzo hasn't	leaven
200	U.S. STATES	Its Mormon founders called it Deseret	Utah
400	U.S. STATES	The only state beginning with "A" that does not end in "A\"	Arkansas
600	U.S. STATES	The only state to touch 4 of the Great Lakes	Michigan
800	U.S. STATES	1 of 4 states that's officially a commonwealth	(1 of) Massachusetts, Kentucky, Pennsylvania, Virginia
200	5-LETTER WORDS	Used by a carpenter, a master sergeant, & a dentist	a drill
400	5-LETTER WORDS	A lady's handbag or something done to lips before a kiss	purse
600	5-LETTER WORDS	A police wagon, a rice field, or author Chayefsky	\"paddy"s
800	5-LETTER WORDS	To Hamlet, "Frailty, thy name is" this	woman
1000	5-LETTER WORDS	In Czech, it's herec; in German, schauspieler; & in Hollywood, usually unemployed	an actor
200	MUSIC	4th note of the musical scale or "a long, long way to run\"	fa
400	MUSIC	Piano style sprung from the blues, it describes Bette's "Bugle Boy\"	boogie-woogie
600	MUSIC	Tyrolean trick of moving the voice from natural to falsetto	yodeling
1000	MUSIC	Italian for "first lady", the leading opera singer in a company	a prima donna
200	LAW	A second prosecution for the same offense, or this round	double jeopardy
800	LAW	To avoid litigation, this type of insurance or divorce avoids affixing blame	no-fault
1000	LAW	While a summons asks nicely, this demands your appearance in court	a subpoena
200	WEATHER	Condition associated with London & pea soup	fog
400	WEATHER	Mt. Waialeale in Hawaii gets the most, while Calama, Chile, usually gets none	rain
600	WEATHER	Its winds can reach 400 MPH	a tornado
800	WEATHER	Some hygrometers use a human hair to measure this	(relative) humidity
1000	WEATHER	Region near Equator that took the wind out of Sinbad's sails	the doldrums
200	MOVIE TRIVIA	Actress who spoke the immortal line, "Love is never having to say you're sorry\"	Ali MacGraw
400	MOVIE TRIVIA	Mary Poppins' magical, musical tongue-twister	supercalifragilisticexpialidocious
600	MOVIE TRIVIA	Actor who captained "the mean machine" in "The Longest Yard\"	Burt Reynolds
800	MOVIE TRIVIA	Movie whose sequel was "Class of '44\"	The Summer of '42
1000	MOVIE TRIVIA	This gimmick introduced for the film "Scent of Mystery" was something to be sniffed at	Smell-O-Vision
0	RIVERS	It carries more water than the longest rivers in Asia, Africa & No. America combined	the Amazon
100	ISLANDS	Owned by tiny Denmark, it's the world's largest island	Greenland
200	ISLANDS	New York's largest, it has more people than 41 of our 50 states	Long Island
300	ISLANDS	Until 1949 a Dutch colony, now the world's most populous island nation	Indonesia
400	ISLANDS	Made up of over 7,000 islands, only Far East country with a Roman Catholic majority	the Philippines
100	SILLY SONGS	To treat it "you're gonna need an ocean of calamine lotion\"	poison ivy
200	SILLY SONGS	\"She was afraid to come out of the water" because she wore this scanty outfit	an itsy bitsy teenie weenie yellow polka-dot bikini
400	SILLY SONGS	Herman's Hermits' song about widow whose 8 husbands all had the same name	\"Henry the Eighth\"
500	SILLY SONGS	According to Ray Stevens, "He swings through the trees without a trapeze in his B.V.D.'s\"	Gitarzan
100	MONEY	Currency where you'll find Lincoln's name on front & back	the five-dollar bill
200	MONEY	4 little words carried on all U.S. currency	In God We Trust
300	MONEY	Replaced Adams in the presidency & the Indian on the nickel	Thomas Jefferson
400	MONEY	The only U.S. coin with the Presidential Seal	the fifty-cent piece (the Kennedy half-dollar)
100	1968	South-of-the-border setting of the '68 Olympics	Mexico City
200	1968	First visual effects Oscar went to Kubrick's look 33 years into the future	2001: A Space Odyssey
300	1968	Camelot "ended" when Jackie married him	Aristotle Onassis
400	1968	He broke S. Africa's race barrier by transplanting black man's heart into white body	Christiaan Barnard
500	1968	After 11 months in captivity, crew of this ship was released by N. Koreans	the Pueblo
100	TRIVIA	Rubber is an ingredient in this type of chewing gum	bubble gum
200	TRIVIA	Easter creature created by Gene Autry in '55 hit record	Peter Cottontail
300	TRIVIA	Though a northern state, N.J. didn't abolish it until 1860	slavery
400	TRIVIA	U.S. coin 97.6% zinc	the penny
500	TRIVIA	Ohio City named for an ancestor of the 24th president	Cleveland
200	BRITISH HISTORY	Though historians debate it, she's called "The Virgin Queen\"	Elizabeth I
2000	BRITISH HISTORY	Of Henry VIII's six wives, the number that lost their heads over him	2
200	INVENTIONS	\"The mother of invention\"	necessity
400	INVENTIONS	Country credited with invention of pasta, porcelain, & paper	China
600	INVENTIONS	Tissue originally used as a WWI gas filter, but now literally something to sneeze at	Kleenex
800	INVENTIONS	1st developed for the blind, they've become the most widely used business machine	the typewriter
1000	INVENTIONS	Printing press inventor associated with the world's most valuable book	Gutenberg
200	WOMEN AUTHORS	Judith Krantz "princess" who reigned in novel & mini-series	Princess Daisy
400	WOMEN AUTHORS	Playwright Edward Albee asked "Who's afraid of" this respected British novelist	Virginia Woolf
600	WOMEN AUTHORS	Colleen McCullough's Australian saga	The Thorn Birds
800	WOMEN AUTHORS	Author, columnist, & TV wit who said, "Housework, if you do it right, can kill you\"	Erma Bombeck
1000	WOMEN AUTHORS	Long-time companion of Dashiell Hammett, she was played in "Julia" by Jane Fonda	Lillian Hellman
200	BASEBALL	A 1939 college baseball game was the first sports event shown on this medium	television
400	BASEBALL	The Metropolitan Museum of Art has 200,000 of them	baseball trading cards
2000	BASEBALL	1 of 3 Major League Baseball teams with state rather than city names	(1 of) California Angels, Texas Rangers, Minnesota Twins
800	BASEBALL	Ironically, ex-con Ron LeFlore led the N.L. in these in 1980	stolen bases
1000	BASEBALL	To help their owner pay off gambling debts, the 1920 Red Sox sold him to the Yankees	Babe Ruth
200	SCULPTURE	His only signed work is the "Pieta" in the Vatican	Michelangelo
400	SCULPTURE	A gold statue of Prometheus towers over the ice rink of this N.Y.C. landmark	Rockefeller Center
600	SCULPTURE	\"Disarming" statue unearthed by peasant of Greek island of Melos in 1820	the Venus de Milo
800	SCULPTURE	The Berlin museum is home to the famous bust of this Egyptian queen	Nefertiti
1000	SCULPTURE	Though it represents a woman, his 5-story Chicago structure has been called a baboon	(Pablo) Picasso
200	\"NICK" NAMES	You can call me "merry" or you can call me "hairy" but you doesn't have to call me "Santa\"	Saint Nicholas (or Saint Nick)
400	\"NICK" NAMES	When John Wayne always arrived with the cavalry	in the nick of time
600	\"NICK" NAMES	Things are never "hoop" less for this Manhattan team	the New York Knicks
800	\"NICK" NAMES	He was Eddie Murphy's partner for 48 hours	Nick Nolte
1000	\"NICK" NAMES	Gambler who paid the "Brice" for marrying a famous Fanny	Nick Arnstein
0	THE SOLAR SYSTEM	Only 1 of 9 planets not named for a Greek or Roman mythological figure	the Earth
100	WORLD LEADERS	During '80s hostage crisis, dart boards bearing his face were a big seller	Ayatollah Khomeini
200	WORLD LEADERS	Britain's first female P.M., her popularity soared after Falklands war	Margaret Thatcher
300	WORLD LEADERS	Ronald Reagan was also president of this union	the Screen Actors Guild
400	WORLD LEADERS	D'Aubisson claimed Duarte fixed his election win in this country	El Salvador
500	WORLD LEADERS	Olympic pullout was ordered by this successor to Andropov	Chernenko
100	AUGUST	492 years ago on Aug. 3rd, he set sail across the Atlantic	Christopher Columbus
500	AUGUST	Russia, France & Germany entered WWI in August of this year	1914
100	SPORTS	Game where "dribbling" is "offensive\"	basketball
200	SPORTS	From early practice of pitcher facing west comes this baseball term for lefty	southpaw
300	SPORTS	Football's imaginary plane which neither team may cross until the ball is snapped	the line of scrimmage
400	SPORTS	World's fastest sport, free-fall speeds of 614 MPH have been recorded in this	skydiving
500	SPORTS	\'50s middleweight champ some say was pound-for-pound the best boxer ever	Sugar Ray Robinson
100	HOT MOVIES	Irwin Allen's tall tale that went up in smoke	The Towering Inferno
200	HOT MOVIES	Poitier & Steiger made sparks fly in this '67 Oscar winner	In the Heat of the Night
300	HOT MOVIES	The male stars tested their disguises for this '59 film by visiting studio ladies' room	Some Like it Hot
400	HOT MOVIES	Words were heated when Truffaut filmed this Bradbury novel	Fahrenheit 451
500	HOT MOVIES	1st movie that newlyweds Newman & Woodward made together	The Long, Hot Summer
100	TRIVIA	They "rush in where angels fear to tread\"	fools
200	TRIVIA	Some of the badges she can earn are: Horse Lover, Dabbler & Ms. Fix-it	a Girl Scout
400	TRIVIA	If the item is colored yellow & you use a red dye, the resulting color is this	orange
500	TRIVIA	Filing an IRS form 4868 gets you a 4-month extension from this date	April 15
200	THE 20TH CENTURY	Where Sally Ride took her famous ride	on the Space Shuttle
400	THE 20TH CENTURY	Time barrier shattered by runner Roger Bannister in 1954	the four-minute mile
1500	THE 20TH CENTURY	In Dec., 1941, Representative Jeannette Rankin cast the only dissenting vote on this issue	the declaration of war against Japan over Pearl Harbor
800	THE 20TH CENTURY	His masterpiece was painted as a protest against the bombing of the Spanish town "Guernica\"	Pablo Picasso
1000	THE 20TH CENTURY	In 1939, this scientist wrote FDR a letter explaining that an atomic bomb could be built	Albert Einstein
200	BROADWAY	She was "The Miracle Worker" for Patty Duke's Helen Keller	Anne Bancroft
400	BROADWAY	Lerner & Loewe's "One Brief Shining Moment" which ran from Dec. 3, '60 to Jan. 5, '63	Camelot
600	BROADWAY	His 1st stage hit was "I Remember Mama" but he's better remembered for shouting "Stella!\"	Marlon Brando
800	BROADWAY	Winner of Tony & Oscar for royal role he's been identified with since '51	Yul Brynner
1000	BROADWAY	Rogers & Hammerstein's "Away We Go" ran a record-breaking 2,248 performances under new name	Oklahoma!
200	TRAVEL	This necessary document cost $10 in 1980, but is now $35	a passport
400	TRAVEL	Non-sexist name for a stewardess	a flight attendant
600	TRAVEL	A vaccination is no longer required since this disease is eradicated	smallpox
800	TRAVEL	Tags for luggage headed for this airport appropriately read "LAX\"	Los Angeles (International)
1500	TRAVEL	Ship passengers are greeted & dunked by King Neptune 1st time they cross this	the Equator
200	AMERICAN INDIANS	Device Indians smoked as sign of friendship	a peace pipe
400	AMERICAN INDIANS	They symbolize family trees of N.W. Indians	totem poles
600	AMERICAN INDIANS	To keep Indians out, Dutch settlers built a wall across this New Amsterdam street	Wall Street
800	AMERICAN INDIANS	Runaway slaves used to hide with this tribe in Florida swamps	the Seminoles
200	MAMMALS	Alphabetically, it's #1	the aardvark
400	MAMMALS	Noel Coward song says only "mad" ones "go out in the midday sun\"	dogs
200	THE "PITS\"	Where Pirates steal bases	Pittsburgh
400	THE "PITS\"	Asphalt bog that tourists log in L.A.	the La Brea Tar Pits
600	THE "PITS\"	Poe's tale of torture in a Spanish castle	The Pit and the Pendulum
800	THE "PITS\"	Shaky lady of "Oh Susanna" fame	ZaSu Pitts
1000	THE "PITS\"	Both cyanide & laetrile are an extract of them	apricot pits
0	BUSINESS & INDUSTRY	Automaker that introduced the alternator, power steering & electric ignition	Chrysler
100	EDUCATION	Traditional color of the one-room schoolhouse	red
200	EDUCATION	First American home of higher education, it educated JFK	Harvard
300	EDUCATION	Brown v. Board of Education ruling outlawed this	segregated schools
400	EDUCATION	Brooke shields recently had her Triangle Club Revue debut at this Ivy League college	Princeton
500	EDUCATION	A progressive preschool program was named for this Italian woman	Maria Montessori
100	TRENDS	French crescent rolls now stuffed with everything from Spinach to chocolate	croissants
200	TRENDS	Inspired by Spielburg hit, these dolls come both cuddly & creepy	Gremlins
300	TRENDS	Sought-after Canadian board game that places mind over minutia	Trivial Pursuit
400	TRENDS	To use one, stick your floppy in your disk drive & boot	your computer
500	TRENDS	Swimwear that lets you tan all over without taking it all off	the unsuit
100	U.S. HISTORY	Planned under Eisenhower, invasion of this Caribbean island failed under Kennedy	Cuba
300	U.S. HISTORY	From 1836-45, this state was an independent country	Texas
400	U.S. HISTORY	In '34, LA gov. known as "Kingfish" proposed guaranteed income of $5,000 per family	Huey Long
500	U.S. HISTORY	Many consider his appointment as Chief Justice in 1801 most important appointment in U.S. history	John Marshall
200	THE COMICS	This bow-tied redhead's been going to Riverdale High for over 40 years	Archie Andrews
300	THE COMICS	Walt Kelly character who 1st said, "We ave met the enemy & he is us\"	Pogo
400	THE COMICS	Bratty bros. whose German name means both "hangover" & "the yowling of cats\"	the Katzenjammer Kids
500	THE COMICS	Peanuts' Schroeder celebrates it every December 16	Beethoven's birthday
300	THE HOME	Tuber that soaks up excess salt when added to your stew	the potato
100	WORLD SERIES	It took them 65 yrs. to win for Brooklyn,, only 2 to win for L.A.	the Dodgers
200	WORLD SERIES	5 home runs in '77 Series, 3 in 1 game, earned him nickname "Mr. October\"	Reggie Jackson
300	WORLD SERIES	Played in the most World Series (14), all for the Yankees, & is now their manager	Yogi Berra
400	WORLD SERIES	Team that threw Series in 1919 "Black Sox" scandal	the Chicago white Sox
500	WORLD SERIES	Though they'd never before finished higher than 9th, amazingly they won the '69 Series	the New york Mets
200	TYPES OF GOVERNMENT	State ruled by a king, queen or emperor	a monarchy
400	TYPES OF GOVERNMENT	From the Greek, it means "the people rule\"	a democracy
600	TYPES OF GOVERNMENT	According to Marx, under this system, government is supposed to wither away	communism
800	TYPES OF GOVERNMENT	The one who's in charge under anarchy	no one
1000	TYPES OF GOVERNMENT	In a theocracy, those thought to be his representatives rule	God
200	GEOGRAPHY	World's longest mountain chain, stretching 4,500 miles across South America	the Andes
400	GEOGRAPHY	1 of 3 countries with territory on 2 continents	(1 of) Turkey, Russia or Egypt
600	GEOGRAPHY	Direction you generally travel in sailing up the Nile	South
800	GEOGRAPHY	\"Mexican" region that' also contains parts of  Guatemala and nearly all of Belize	the Yucatan
1600	GEOGRAPHY	\"From the halls of Montezuma to the shores of Tripoli" refer to these 2 countries	Mexico & Libya
200	TV TRADEMARKS	Keeps a cool head thanks to his Mohawk hairdo	Mr. T
400	TV TRADEMARKS	Before he was grounded, Tattoo announced its arrival  every week	de plane
600	TV TRADEMARKS	Jim Rockford's beach home	mobile home or trailer
800	TV TRADEMARKS	his easy chair traveled from Queens to the Smithsonian	Archie Bunker
1000	TV TRADEMARKS	The loser of the week was the winner of Dick & Dan's digital appendage	the Fickle Finger of Fate Award
200	LITERATURE	She found things "curiouser & curiouser" in Wonderland	Alice
1000	LITERATURE	He gave us his cockeyed world in "My world & Welcome to It\"	Thurber
200	POTENT POTABLES	It makes a Black Russian "white\"	cream
400	POTENT POTABLES	A sprinkle of salt & slice of lime traditionally accompany it	tequilla
600	POTENT POTABLES	Cartoon critters who share their name with holiday rum & eggnog mix	Tom & Jerry
800	POTENT POTABLES	The liquid you use less of to make your martini dry	vermouth
1000	POTENT POTABLES	A wine's fragrance	bouquet
800	CHEMISTRY	World's cheapest metal, it's an essential element in the blood	iron
1000	CHEMISTRY	After oxygen, this element associated with computer chips is the most common in the earth's crust	silicon
0	MATHEMATICS	The number of zeros in 1 trillion	12
100	PRESIDENTS	He held office "4 score & 7 years" after founding of our country	Abraham Lincoln
200	PRESIDENTS	1st president to win Nobel Peace Prize, though he "carried a big stick\"	Theodore Roosevelt
300	PRESIDENTS	7 of our 1st 12 were from this state	Virginia
500	PRESIDENTS	The only 2 presidents born in Texas, they held office only 3 years apart	Lyndon Johnson & Dwight Eisenhower
500	PRESIDENTS	Portly president who set precedent by throwing out season's 1st ball	William Howard Taft
100	TELEVISION	Theodore Cleaver's nickname	Beaver
200	TELEVISION	Falk's famous fumbler	Columbo
300	TELEVISION	Series in which Ted Danson doesn't touch liquor, but fondles Shelley Long	Cheers
400	TELEVISION	ABC's "Iran Reports" led to creation of "Nightline" with him as host	Ted Koppel
500	TELEVISION	Paul Anka's been collecting royalties for this for over 5,700 nights	the Tonight Show theme
100	STARTS WITH "H\"	Hawaiian hip heaving	Hula
200	STARTS WITH "H\"	Half the earth	hemisphere
300	STARTS WITH "H\"	A football "conference", or to gather together for warmth	huddle
400	STARTS WITH "H\"	Bruce Banner's bulky bad side	the Hulk
500	STARTS WITH "H\"	The measure of a horse	hand
100	POTENT POTABLES	A dessert wine, or the left side of a ship	port
200	POTENT POTABLES	When water gets gassed	carbonation
300	POTENT POTABLES	Ancient Greek law made it illegal not to do this during festival of Dionysus	to get drunk
400	POTENT POTABLES	Its name comes from legend that first one was stirred with a rooster feather	cocktail
500	POTENT POTABLES	25.6 ounces	a fifth
100	BODIES OF WATER	Originally at Lewiston, NY, this falls has over the years moved 7 times upstream	Niagara Falls
200	BODIES OF WATER	While Thatcher looks over Parliament, Parliament looks over this	the Thames
300	BODIES OF WATER	The dam you need to make Lake Mead	Boulder/Hoover Dam
400	BODIES OF WATER	Only one of the 5 Great Lakes entirely in U.S.	Lake Michigan
500	BODIES OF WATER	You can bet on the banks of this California-Nevada lake	Lake Tahoe
400	PEOPLE	Baby Andrew Castiraghi's royal mom & Princess Stephanie's sister	Princess Caroline
500	PEOPLE	Type of fiction penned by presidential offspring M. Truman & E. Roosevelt	mystery books
800	AMERICAN INDIANS	He, not Sitting Bull, led the Indians at Custer's Last Stand	Chief Crazy Horse
1000	AMERICAN INDIANS	Numbering some 140,000, this Southwest tribe is America's largest	Navajo
1000	CHEMISTRY	\"Plumbum" in Latin, Ancient Rome's plumbing was made of this heavy metal	lead
400	PROVERBS	According to Harry Truman, what you should do "if you can't stand the heat\"	get out of the kitchen
600	PROVERBS	It's better "than not to have loved at all\"	to have loved and lost
800	PROVERBS	Lord Acton said it "tends to corrupt\"	(absolute) power
1000	PROVERBS	Santayana said, "Those who cannot remember the past are condemned to" do this	repeat history
200	WORLD WAR I	\"Lafayette, we are here", referred to Americans landing in this country	France
400	WORLD WAR I	This exotic-dancer-turned-spy was executed by the French in 1917	Mata Hari
1000	WORLD WAR I	The German U-boats were this type of craft	submarine
800	WORLD WAR I	Early leadership of an all-black regiment earned him nickname "Black Jack\"	John J. Pershing
1000	WORLD WAR I	French reinforcements came to Battle of the Marne using this form of transport	taxis (taxicabs of Paris)
200	SPORTS	American golfers claim they hit 111 of them each day	holes-in-one
400	SPORTS	Earl Anthony & Don Carter are kingpins in this sport	bowling
600	SPORTS	Didn't float like a butterfly or sting like a bee, but he knocked out his teeth & Muhammad Ali	Leon Spinks
800	SPORTS	Originally "mintonette", it was first played with a basketball & a rope stretched across court	volleyball
1000	SPORTS	Didn't drink, smoke, or "lift anything heavy" and played hockey until 50	Gordie Howe
800	TRIVIA	Nursery rhyme that can be played on touch-tone phone by dialing 3212, 333, 222, 333	\"Mary Had a Little Lamb\"
3000	TRIVIA	When spelling numbers, lowest one to contain the letter "B\"	billion
0	WORLD CITIES	It's the most populous city in the Western Hemisphere	Mexico City
100	BRIDGES	You can't sell Lake Havasu the Brooklyn Bridge; it already bought this one	London Bridge
200	BRIDGES	Marin County's chief commuter route to S.F.	Golden Gate Bridge
300	BRIDGES	Colloquial name of the Queensborough Bridge & real name of the song "Feeling Groovy\"	59th Street Bridge
100	SINGERS & DANCERS	He spiced up his dance steps with "Ginger\"	Fred Astaire
200	SINGERS & DANCERS	\"The King of Rock 'N' Roll\"	Elvis Presley
300	SINGERS & DANCERS	To their cheering fans, "V" is for "Victory Tour\"	The Jacksons
400	SINGERS & DANCERS	She took over for Anne Bancroft, who was originally cast to play Fanny Brice	Barbra Streisand
500	SINGERS & DANCERS	He danced with Dorothy in Oz but was "Once in Love with Amy\"	Ray Bolger
100	\"FRIDAYS\"	Daniel Defoe's 2 men alone on an island	Robinson Crusoe & Friday
200	\"FRIDAYS\"	The anniversary of the crucifixion	Good Friday
300	\"FRIDAYS\"	He always asked for "Just the facts, Ma'am\"	Sgt. Joe Friday
400	\"FRIDAYS\"	Mad killer Jason finally gets his in this film's final chapter	Friday the 13th
500	\"FRIDAYS\"	\'78 disco film which featured Donna Summer	Thank God It's Friday
100	1959	With this musical premiere, "The Hills Came Alive\"	The Sound of Music
200	1959	Who Eddie left to marry Liz	Debbie Reynolds
300	1959	Shoe-pounding leader scandalized by high kicks in "Can-Can\"	(Nikita) Khrushchev
400	1959	Uris #1 best-seller about Jewish refugees in emerging Israel	Exodus
500	1959	Became 1st major American city with a black majority	Washington, DC
100	HOLIDAYS	\"The Wearing of the Green" on March 17th	St. Patrick's Day
200	HOLIDAYS	In Canada, it's the 2nd Monday in October; in U.S., the 4th Thursday in November	Thanksgiving Day
300	HOLIDAYS	In '82, Americans bought over 1 billion of these cards with heart	St. Valentine's Day
400	HOLIDAYS	This English holiday has masked children begging "A penny for the guy\"	Guy Fawkes Day
500	HOLIDAYS	Celebration of the Jewish victory over the Syrians in 165 B.C.	Hanukkah
100	CARTOONS	Bullwinkle's "arch" enemy with a name derived from Russian czar, Boris Godunov	Boris Badenov
200	CARTOONS	With 99 men & only 1 girl, no wonder they're blue every Saturday morning	the Smurfs
2000	CARTOONS	This sound is his trademark:	Woody Woodpecker
200	VICE-PRESIDENTS	1st woman nominated as V.P. by a major political party	Geraldine Ferraro
400	VICE-PRESIDENTS	Though V.P. & president, he was never elected to either post	Gerald Ford
600	VICE-PRESIDENTS	He was the 1st vice-president	John Adams
3500	VICE-PRESIDENTS	Last to serve 2 complete terms	Richard Nixon
1000	VICE-PRESIDENTS	V.P. who also served as ambassador to U.N. & director of the C.I.A.	George Bush
800	ASTROLOGY	Sign that shares name with Hitchcock film & torrid "tropic\"	Capricorn
1000	ASTROLOGY	Only soldier given full-time duty as astrologer during WWII	Sydney Omarr
200	CONQUERORS	Now thought to be a dwarf, this "Scourge of God" was the most feared Hun of all	Attila
400	CONQUERORS	Pagan Scandinavians who attacked western Europe & reached America before Columbus	the Vikings
600	CONQUERORS	Macedonian who lamented there was nothing left to conquer, he died in Babylon at 33	Alexander the Great
800	CONQUERORS	Conquistador of Valencia, his Moorish foes called him "El Sayyid" meaning "The Lord\"	El Cid (Rodrigo Diaz)
1000	CONQUERORS	Founder of Holy Roman Empire in 800 A.D., read Latin but never learned to write it	Charlemagne (Charles the Great)
200	MOVIE TALK	Nonspeaking actor in background role, or paperboy's cry	extra
400	MOVIE TALK	Director's order to actors to begin playing a scene	\"Action!\"
600	MOVIE TALK	French Riviera's film festival "capital\"	Cannes
800	MOVIE TALK	As newest movie rating, it cautions "Special guidance for attendance of children under 13\"	PG-13
1000	MOVIE TALK	Previews of coming attractions, they used to follow the main feature	trailers
200	PALINDROMES	High time of day for Gary Cooper	noon
400	PALINDROMES	Gary Burghoff's role in "M*A*S*H\"	Radar
600	PALINDROMES	A scout performs a good one every day	deed
800	PALINDROMES	Palindromic nickname for parents	mom and pop/dad
1000	PALINDROMES	3-word greeting in the Garden of Eden	\"Madam, I'm Adam\"
0	TRAVEL & TOURISM	This country draws the most American tourists each year	Canada
400	SPAIN	Mustachioed painter who could be knighted "Sur Real\"	Salvador Dalí
500	SPAIN	Don Quixote's creator, he was the real "Man from La Mancha\"	Don Miguel de Cervantes
100	TRIOS	Education's "3 R's\"	reading, 'riting & 'rithmetic
200	TRIOS	Red, blue & yellow pigments	the primary colors
300	TRIOS	The rub-a-dub guys	three men in a tub (butcher,the baker & the candlestick maker)
400	TRIOS	For a troika, you'd put this behind 3 horses	a sleigh
500	TRIOS	3 rulers ruling	a triumvirate
100	1953	Manager Casey Stengel considered retiring until they won 5th-straight World Series	the Yankees
200	1953	Hillary & Tenzing were the 1st to go there, but only stayed 15 minutes	the summit of Mt. Everest
300	1953	Sang "Diamonds are a Girl's Best Friend", then married a baseball star	Marilyn Monroe
400	1953	Chief Justice appointed by Eisenhower, he served until the Nixon era	Earl Warren
500	1953	Now nation's best-selling magazine, 1st cover featured Lucy & her baby	TV Guide
400	FAST FOOD	T. Jefferson popularized this French side-dish, now America's favorite vegetable	French fried potatoes
500	FAST FOOD	Gable taught Colbert how to do it; now even Emily Post says it's correct	dunking doughnuts
100	\"TOASTS\"	Sauteed egg-dipped bread	French toast
200	\"TOASTS\"	Campfire confection	toasted marshmallows
300	\"TOASTS\"	Original name of "The Ed Sullivan Show\"	Toast of the Town
400	\"TOASTS\"	\"Rank" of George Jessel	Toastmaster General
500	\"TOASTS\"	Named for an Australian soprano, it's thin, crisp bread	Melba toast
100	OSCAR SONGS	Only Oscar winner sung by a cricket, it's Disney's theme	\"When You Wish Upon a Star\"
200	OSCAR SONGS	She sang '80's "Fame" & '83's "What a Feeling\"	Irene Cara
300	OSCAR SONGS	\'38 winner that became Bob Hope's theme song	\"Thanks for the Memory\"
500	OSCAR SONGS	This 1st winner, from "Gay Divorcee", is also a Lincoln luxury car	\"The Continental\"
200	ECONOMICS	Colloquial term for current president's economic policies	Reaganomics
200	FAMOUS QUOTES	Dickens' character known for saying "God bless us every one!\"	Tiny Tim
400	FAMOUS QUOTES	You bet your life he believed "A man is as young as the woman he feels\"	Groucho Marx
600	FAMOUS QUOTES	Dumas quote translated from "Tous pour un, un pour tous\"	\"All for one, one for all\"
800	FAMOUS QUOTES	Someone somewhere in the country says it before David Hartman & Joan Lunden do	\"Good Morning, America\"
1000	FAMOUS QUOTES	\'36 Olympian who said "I came along when the black American needed an image\"	Jesse Owens
200	DRAMA	Because 1st was named Thespis, they're known as thespians	actors
400	DRAMA	Wrote for Sgt. Bilko before fathering "The Odd Couple\"	Neil Simon
600	DRAMA	Matinee idol whose familiarity with Ford's Theatre let him pass through security there	John Wilkes Booth
800	DRAMA	He planted "The Cherry Orchard" & hatched "The Sea Gull\"	Chekov
1000	DRAMA	Sophocles' "complex tragedy\"	Oedipus Rex
200	BIRDS	Cuckoo family-member Geococcyx Californianus ; goes "Beep beep" in cartoons	a roadrunner
400	BIRDS	Bird named after bright red robes of a Roman Catholic clergyman	a cardinal
600	BIRDS	While ostriches lay the largest eggs, these birds lay the smallest	a hummingbird
800	BIRDS	Member of  India's starling family, famous for ability to mimic voices	a myna
5000	BIRDS	With both eyes facing forward, it has greatest range of binocular vision in birds	the owl
200	WHITE HOUSE	It wasn't until 1818 that it was painted this color	white
400	WHITE HOUSE	East lawn Easter tradition	rolling Easter eggs
600	WHITE HOUSE	FDR added one indoors as a therapeutic aid	a swimming pool
800	WHITE HOUSE	Instead of bowing, Jefferson the libertarian encouraged this form of address	shaking of hands
1000	WHITE HOUSE	His inaugural bash became a brawl when his backwoods pals vandalized the White House	Andrew Jackson
200	SPORTS TRIVIA	It begins a boxer's round or starts Pavlov's dog salivating	a bell
400	SPORTS TRIVIA	In swimming, a race without a compulsory stroke	freestyle
600	SPORTS TRIVIA	Throughout his NBA career, this star known as "The Stilt" never fouled out	Wilt Chamberlain
800	SPORTS TRIVIA	Won gold medal for rowing in '24 Olympics but better known as baby doctor	Benjamin Spock
1000	SPORTS TRIVIA	Mary Queen of Scots is said to have been 1st woman to play this sport	golf
0	U.S. PRESIDENTS	In the 1860 election for his 1st term, more Americans voted against him than for him	Abraham Lincoln
100	U.S. GEOGRAPHY	Much of this largest Louisiana city is below sea level	New Orleans
200	U.S. GEOGRAPHY	The leading dairy products state	Wisconsin
500	U.S. GEOGRAPHY	This state's coastline is 2nd in length to Alaska's	Florida
100	BASEBALL	To celebrate winning the '83 World Series, the Baltimore Orioles popped 240 bottles of it	champagne
200	BASEBALL	Johnny Vandeer Meer is the only man to have ever pitched 2 of them consecutively	no-hitters
300	BASEBALL	Brand of bats made in Kentucky; also describes Muhammad Ali	Louisville Slugger
400	BASEBALL	In '51 playoff he hit "the Shot Heard 'Round the World\"	Bobby Thomson
500	BASEBALL	For years this Southerner was "the voice of the Yankees\"	Mel Allen
100	LEGENDS	Gift giver named from the Dutch "Sinter Klaas\"	Santa Claus
200	LEGENDS	John Chapman was the real name of this wandering fruit tree planter	Johnny Appleseed
300	LEGENDS	The man whom Miles Standish asked to have a chat with Priscilla	John Alden
400	LEGENDS	On July 4, 1776, he wrote his signature large so King George could read it without glasses	John Hancock
500	LEGENDS	English explorer who made smoking fashionable, he smoked before his own execution in 1618	Sir Walter Raleigh
400	GENERALS	\"Old Blood & Guts", he was tank commander in both World Wars	Patton
500	GENERALS	This Civil War general wrote "Ben-Hur\"	Lew Wallace
100	TRIVIA	Nickname of Harry Lillis Crosby	Bing
200	TRIVIA	Term 1st coined to describe combination of smoke & fog	smog
300	TRIVIA	It was claimed of this product "a little dab'll do ya\"	Brylcreem
400	TRIVIA	Originally term to describe shed built onto a building, it now means expensive unit on the roof	a penthouse
500	TRIVIA	Where Longfellow's arrow fell to earth	I know not where
100	\"CAN" IT	A dance dance from France France	the can-can
200	\"CAN" IT	Edgar's daughter who isn't a dummy	Candice Bergen
300	\"CAN" IT	They'll eat your heart out	cannibals
400	\"CAN" IT	Terry Southern's little gumdrop	Candy
500	\"CAN" IT	Poem part	canto
200	ENGLISH LITERATURE	If Orwell's tale were true, year Big Brother would be watching you	1984
400	ENGLISH LITERATURE	\"Treasure Island"'s peg-legged pirate	Long John Silver
600	ENGLISH LITERATURE	Of Bacon & Lamb, the one who wrote "A Dissertation upon Roast Pig\"	(Charles) Lamb
800	ENGLISH LITERATURE	Shakespeare's first comedy, though it's said to be originally titled "The Historie of Error\"	The Comedy of Errors
1000	ENGLISH LITERATURE	Its sequels were "Men against the Sea" & "Pitcairn's Island\"	Mutiny on the Bounty
1000	INSECTS	Balls of naphthalene are protection against them	moths
600	POLITICAL QUOTES	In the '80 campaign, he coined the term "voodoo economics\"	George Bush
800	POLITICAL QUOTES	Acid-tongued V.P. who said, "Some newspapers dispose of their garbage by printing it\"	Spiro Agnew
1000	POLITICAL QUOTES	2-time pres. candidate who said, "Eggheads unite, you have nothing to lose but your yolks\"	Adlai Stevenson
200	HITCHCOCK	Film where nutty Norman Bates was a real cut-up	Psycho
400	HITCHCOCK	Called ideal Hitchcock hero, he starred in "Notorious", "Suspicion" &"North by Northwest\"	Cary Grant
600	HITCHCOCK	Before playing "Perry", he was killer James Stewart saw through the  "Rear Window\"	Raymond Burr
800	HITCHCOCK	His first American movie with Fontaine & Olivier, in which title character never appears	Rebecca
1000	HITCHCOCK	This movie wasn't his best, but "Que Sera, Sera\"	The Man who Knew Too Much
200	NAMESAKES	Stuffed toy named for Pres.Roosevelt	a teddy bear
400	NAMESAKES	Thinned down perfume first made in this W. German city	Cologne
600	NAMESAKES	From the Civil War general who believed they raised troops' morale, it's slang for prostitute	hooker
5000	NAMESAKES	Wild West gambling game named for kings on old playing cards	Faro
1000	NAMESAKES	An unrealistic optimist, from heroine of Eleanor Porter novel	a Pollyanna
800	MEDICINE	British sailors were named "Limey" for the fruit they ate to ward off this disease	scurvy
1000	MEDICINE	From Latin "to please", medicine given just to humor a patient	a placebo
0	THE CALENDAR	Number of leap years between 1985 & 2001	4
100	STATE CAPITALS	Located 15 miles from its namesake, it was founded by Brigham Young	Salt Lake City
200	STATE CAPITALS	Freddie Cannon's "Tallahassee Lassie" would be from this state	Florida
300	STATE CAPITALS	Southwest capital named for mythological self-immolating bird	Phoenix
400	STATE CAPITALS	It was also capital of the Confederacy	Montgomery (or Richmond, Virginia)
500	STATE CAPITALS	Only state capital named for a biblical figure	St. Paul, Minnesota
100	TELEVISION	ABC telecast 180 hours of this summer '84 event	the Olympics
200	TELEVISION	Game show that would fall between the dating & anniversary games	The Newlywed Game
300	TELEVISION	Dan Tana's turf	Vegas
400	TELEVISION	The girls on this series graduated from Eastland School to Langley College	The Facts of Life
500	TELEVISION	Bilko's private Harry Speakup or Daktari's Judy	a chimp
100	\"SHELLS\"	Tongue twister about lady who peddles pukas on the beach	\"She Sells Sea Shells by the Seashore\"
200	\"SHELLS\"	Where Peter, Peter kept his wife	in a pumpkin shell
400	\"SHELLS\"	Condition akin to combat fatigue	shell-shocked
500	\"SHELLS\"	Drinking it would give you a terrible end but a lovely finish	shellac
100	FORMER OCCUPATION	Former N.Y. lawyer who stated his case on Monday Night Football for 13 years	Howard Cosell
200	FORMER OCCUPATION	Our last president without a bachelor's degree, once a Kansas City haberdasher	Harry Truman
300	FORMER OCCUPATION	Altar boy & seminarian who became infamous Soviet dictator	Stalin
400	FORMER OCCUPATION	Former Washington Senators' pitching prospect, now long-time Caribbean dictator	Fidel Castro
500	FORMER OCCUPATION	While observing "God & Man at Yale", this conservative spokesman taught Spanish there	(William F.) Buckley (Jr.)
400	TWINS	Astrological name for starry twins Castor & Pollux	Gemini
500	TWINS	Twin brothers who brought precious metal to America's Olympic ski team	(Phil & Steve) Mahre
200	CLASSICAL MUSIC	Designers of this instrument were Cristofori & Steinway	piano
400	CLASSICAL MUSIC	\"Timely" name of Chopin's D-flat major waltz of Opus 64	the "Minute Waltz\"
600	CLASSICAL MUSIC	A string quartet is usually made up of 2 violins, a viola & this	cello
800	CLASSICAL MUSIC	When he first heard this wind instrument, Handel said, "Thank heavens it hath no smell\"	bassoon
1000	CLASSICAL MUSIC	On radio he was the "maestro" of the NBC Symphony Orchestra	Arturo Toscanini
1000	POLITICS	3rd party, its presidential candidates included Eugene Debs & Norman Thomas	Socialist
200	FAMOUS QUOTES	Aesop advised not to "count your chickens" then	not to count your chickens before they're hatched
2000	FAMOUS QUOTES	Whittier wrote, "For all sad words of tongue or pen, the saddest are these\"	it might have been
200	SPORTS SHIFTS	Oakland is still fighting to get this team back	the L.A. Raiders
400	SPORTS SHIFTS	When Aaron signed they were in Boston, but he played in Milwaukee & Atlanta	the Braves
600	SPORTS SHIFTS	Minnesota's, not L.A.'s terrain gave this basketball team its aquatic name	the Lakers
800	SPORTS SHIFTS	To maintain their baseball rivalry, both left New York in 1957	the Dodgers & the Giants
1000	SPORTS SHIFTS	Under cover of darkness, they left Baltimore for Indianapolis	the Colts
200	LANGUAGE	Predominant language in Canada's Quebec province	French
400	LANGUAGE	The New Testament was originally written in Koine, a common dialect of this language	Greek
800	LANGUAGE	Due to regional disputes, India has retained this as an official language	English
1000	LANGUAGE	The only Romance language from an East Bloc country	Romanian
0	WORLD GEOGRAPHY	It has more people than all the other South American countries combined	Brazil
100	THE '40S	In '45, a U.S. bomber crashed into this N.Y. landmark's 79th floor	the Empire State Building
200	THE '40S	Rudy Vallee recorded it in '31 & Sam played it again in Casablanca	\"As Time Goes By\"
300	THE '40S	Body builder Charles Atlas offered to build up the physique of this Indian leader	Mahatma Gandhi
400	THE '40S	German for "lightning war\"	blitzkrieg
100	BOATS	Venice's taxis	gondolas
200	BOATS	A small boat used to move big boats	tug
300	BOATS	A flat-bottomed boat propelled by a pole, or a 4th down football play	punt
100	BALLET	Part of body used to dance on "pointe\"	toe
200	BALLET	Tchaikovsky's fowl aquatic ballet	\"Swan Lake\"
300	BALLET	New York City Ballet's "Mr. B.\"	George Balanchine
400	BALLET	The arrangement of dance movements	choreography
500	BALLET	Formerly England's Sadler's Wells Ballet	the Royal Ballet
100	\"MARCH" ON	Definitely not Caesar's time of month	the ides of March
200	\"MARCH" ON	Founded by F.D.R. in 1938, it works to prevent birth defects	the March of Dimes
300	\"MARCH" ON	Way of saying "loony as a spring rabbit\"	mad as a March hare
100	JAPAN	Raw fish dish	sushi
300	JAPAN	Known originally for motorcycles, this Japanese company now operates an auto plant in Ohio	Honda
400	JAPAN	The ancient art of paper folding	origami
500	JAPAN	Western name for towering tsunamis, clocked at up to 500 MPH	tidal waves
100	TV TRIVIA	Jim Henson coined this word from a combination of "marionette" & "puppet\"	muppet
200	TV TRIVIA	David Janssen's private eye with the last name Orwell	Harry O
300	TV TRIVIA	Yancy's fancy pistol	derringer
400	TV TRIVIA	Cook Graham Kerr was known as this	The Galloping Gourmet
500	TV TRIVIA	From the Swahili word for "doctor", the show featured a cross-eyed lion	Daktari
200	COLONIAL AMERICA	N.Y.C.'s "Capital of Black America", named by Dutch for a city in Holland	Harlem
400	COLONIAL AMERICA	Founded by Wm. Penn, it became 2nd largest city in British Empire	Philadelphia
600	COLONIAL AMERICA	Gov. Peter Stuyvesant's Manhattan farm, now the city's skid row	the Bowery
800	COLONIAL AMERICA	\"Pennsylvania Dutch" settlers came from there	Germany
1000	COLONIAL AMERICA	Slavery was at first banned in this southern colony founded by Oglethorpe	Georgia
400	DEMOCRATS	Ex-astronaut who's had "The Right Stuff" to win 2 Senate terms	John Glenn
600	DEMOCRATS	Behatted 3-term N.Y. congresswoman, still active in feminist movement	Bella Abzug
800	DEMOCRATS	For the past 8 years, John D. Rockefeller IV has been gov. of this state	West Virginia
1000	DEMOCRATS	Senator who tried for '84 pres. nomination was once sued by Adolf Hitler	Alan Cranston
600	ANATOMY	The sclera; Bunker Hill patriots were ordered not to fire before seeing it	the whites of their eyes
800	ANATOMY	Peristalsis lets you do this while standing on your head	swallowing
200	MUSICAL NUMBERS	These working numbers don't measure up to Dolly Parton	\"9 to 5\"
400	MUSICAL NUMBERS	Janis Ian learned the truth at this tender age	\"At Seventeen\"
600	MUSICAL NUMBERS	Hall & Oates played music, not basketball, thus way	\"One on One\"
800	MUSICAL NUMBERS	Total of "The Freshmen" & "The Preps\"	8
400	RELIGION	Eastern rite of Christianity or oldest branch of Judaism	Orthodox
600	RELIGION	Denomination Reverend Jesse Jackson is minister of	Baptist
1000	RELIGION	Mormons believe they're Amer. Indians; others say they're Japanese or Anglo-Saxons	the 10 lost tribes of Israel
1000	RELIGION	Belief in a deity is not part of its 8-fold path to nirvana	Buddhism
0	THE ARMED SERVICES	The last military branch to be established	United States Air Force
100	AFRICA	Central Africa's short people	the Pygmies
200	AFRICA	S. Africa's form of segregation	apartheid
300	AFRICA	Tanganyika & Zanzibar joined to form this country	Tanzania
400	AFRICA	Africa's largest fresh-water lake, it's main source of the Nile	Lake Victoria
500	AFRICA	Kenyatta was leader of this bloody movement to end British rule in Kenya	the Mau Maus
100	FOOD	When you step on these, they let out a little "wine\"	grapes
200	FOOD	Satanic term for food prepared with strong seasoning, as of eggs or ham	devilled
300	FOOD	French term for meat served in its own juice	au jus
400	FOOD	Found in rye bread, these seeds are also flavoring of kummel liqueur	caraway seeds
500	FOOD	The thymus & pancreas of young calves are sources of this meat	sweetbreads
100	FIRST AID	Any remedy which counteracts a swallowed poison	an antidote
200	FIRST AID	To prevent swelling & discoloring from a blow to the body, apply this kind of compress immediately	a cold compress
300	FIRST AID	Kind of shot given to prevent lockjaw after a puncture wound	a tetanus shot
400	FIRST AID	This "hug" is recommended as effective method to remove object blocking windpipe	the Heimlich maneuver
500	FIRST AID	Full name for CPR	cardiopulmonary resuscitation
100	NUMBER PLEASE	An unlucky Friday or a baker's dozen	13
200	NUMBER PLEASE	Number of stars on American flag raised at Iwo Jima	48
300	NUMBER PLEASE	Square inches in a square foot	144
1000	NUMBER PLEASE	Total of trombones & cornets in "The Music Man" tune	186
500	NUMBER PLEASE	Age range of an octogenarian	the 80s (or 80-89)
100	BEN FRANKLIN	His spectacle invention that's a sight for sore eyes	bifocals
200	BEN FRANKLIN	\"Fish & guests stink in 3 days" are among this almanac's wise words	Poor Richard('s Almanack)
300	BEN FRANKLIN	He was president of the 1st society to press for its abolition	slavery
400	BEN FRANKLIN	The postal service actually showed a profit when he held this position	Postmaster General
100	TRIVIA	At last count there were only 70 of these head servants left in England	butlers
200	TRIVIA	Nobody wants to hear all of this camp song about decreasing containers of brew	\"99 Bottles Of Beer On The Wall\"
300	TRIVIA	A stew of various meats, a jar of mixed flower petals, or an old "Jeopardy" category	potpourri
400	TRIVIA	This president is said to be related to John Kennedy, Princess Di & F. Mitterand	Ronald Reagan
500	TRIVIA	The place you most readily find "QWERTYUIOP"; you can spell it using only these letters	a typewriter
200	GRAMMAR	While either takes or, neither always takes this	nor
400	GRAMMAR	The interjection in "Whew! This is a tough answer\"	whew
600	GRAMMAR	Punctuation mark of the imperative mode	an exclamation mark
1000	GRAMMAR	The word, phrase or clause a pronoun must agree with	the antecedent
200	WORLD OF FASHION	The hat in the Mexican hat dance	a sombrero
400	WORLD OF FASHION	South Seas garb worn by Dorothy Lamour on "The Road\"	a sarong
600	WORLD OF FASHION	Where on his body an Arab would wear the traditional keffiyeh	his head
200	ART	A painting of inanimate objects, not people	a still life
200	U.S. GEOGRAPHY	It's "where the wind comes sweeping down the plain\"	Oklahoma
400	U.S. GEOGRAPHY	State whose counties include Crockett, Zapata & Pecos	Texas
700	U.S. GEOGRAPHY	One of two states ending in "T\"	(1 of) Connecticut and Vermont
800	U.S. GEOGRAPHY	Historic pass at junction of TN., KY., & VA., associated with Daniel Boone	the Cumberland Gap
1000	U.S. GEOGRAPHY	Mountain range that surrounds city of Atlanta	the Blue Ridge Mountains
200	TV DETECTIVES	He was Dectective Lieutenant Dan August before he was Sharky	Burt Reynolds
400	TV DETECTIVES	He played father-in-law to Betty Jones & now is uncle to Matt Houston	Buddy Ebsen
800	TV DETECTIVES	Ex-"radio receptionist" now "partner in crime" with Lynda Carter	Loni Anderson
1000	TV DETECTIVES	Det. whose show was spun off from "Barney Miller", but thrown back due to small ratings	Fish
400	BIOLOGY	Wurlitzer's pride, or what tissues grouped together form	an organ
600	BIOLOGY	Serology is the study of this body fluid closely resembling sea water	blood
800	BIOLOGY	In 1600's, amateur Dutch scientist van Leeuwenhoek discovered bacteria by using this	a microscope
1000	BIOLOGY	Exobiology is the study of living things here	space
0	BUSINESS & INDUSTRY	Country that manufactures the most cars per year	Japan
100	BRITISH ISLES	If you "take the high road", I'll get there afore ye	Scotland
200	BRITISH ISLES	Color represented with white & red on the Irish flag	green
300	BRITISH ISLES	X-rated actress Koo Stark's royal ex-beau	Prince Andrew
100	1945	Truman's state or battleship site of Japan's surrender	Missouri
200	1945	Developed from radar research, it was first marketed for fast food preparation in '45	microwave creation
300	1945	Number of stars in U.S. flag raised over Iwo Jima	48
400	1945	Rejected as movie script, Broadway loved this fragile Tennessee Williams drama	The Glass Menagerie
500	1945	He "lost" a "weekend" but won an Oscar	Ray Milland
100	TELEVISION	They got married in the final episode of "Happy Days\"	Joanie and Chachi
200	TELEVISION	Editor Billie Newman & Joe Rossi worked for	Lou Grant
300	TELEVISION	She shot J.R.	Mary Crosby
400	TELEVISION	Played WJM's man-hunting "happy homemaker" Sue Ann Nivens	Betty White
500	TELEVISION	Marketing has begun on a line of nursewear from this TV medical show	Trapper John, M.D.
100	FASHION	Espadrilles, clogs & "tennies\"	shoes
200	FASHION	Until 19th c., ones made of chicken skin were worn by women to soften their hands	gloves
300	FASHION	\"Foreign" name for the end of a sleeve folded back & fastened with a link	a French cuff
400	FASHION	Pattern design which came from the horse blankets of Richard Tattersall	(the Tattersall) check (or plaid)
500	FASHION	Breeches cut full above the knee used for horseback riding	jodhpurs
100	TRIVIA	Words used instead of the cursing in Watergate tape transcripts	expletive deleted
200	TRIVIA	Specialty store in which you'd buy lug nuts & feeler gauges	an auto supply store
300	TRIVIA	Speed of an LP	33 1/3 inches per second
400	TRIVIA	Number of vowels on the bottom row of keys of a standard typewriter	0
500	TRIVIA	Howard Garis' bedtime tale-teller whose last name is Longears	Uncle Wiggily
200	HOT SPOTS	Hottest temperature ever recorded was on this "dark" continent	Africa
400	HOT SPOTS	43 consecutive days of 120º heat were recorded in this appropriately named Calif. valley	Death Valley
600	HOT SPOTS	National seashore resort that's been "burning" off Long Island for years	Fire Island
800	HOT SPOTS	Named by Magellan for fires blazing on shore, it's South America's stormy southern tip	Tierra del Fuego
1000	HOT SPOTS	Its foundation for polio victims was founded by FDR, who died here	Warm Springs, Georgia
200	SPACE	Titan is the largest moon of this ringed planet	Saturn
400	SPACE	It forms a large part of Jupiter's atmosphere or Earth's kitchen cleaners	ammonia
600	SPACE	The Van Allen belts surround most of this planet	Earth
800	SPACE	Soviet ship which docked with our Apollo in '75	Soyuz
1500	SPACE	Comet in 1973 which didn't put on its promised show	Kohoutek
200	3-LETTER WORDS	It's where flowers "sleep\"	a bed
400	3-LETTER WORDS	A flipper or a fiver	a fin
600	3-LETTER WORDS	A grown-up acorn	an oak
800	3-LETTER WORDS	To question	ask
1000	3-LETTER WORDS	Bathroom the British skip to	the loo
600	TRADE CENTERS	City that's often called "the rubber capital of the world\"	Akron, Ohio
200	DRAMA	In the Middle Ages, monks presented "mystery plays" to illustrate stories from this	the Bible
400	DRAMA	Dramatic form, from Greek for "merrymaking\"	comedy
600	DRAMA	19th century Norwegian playwright often called founder of modern drama	Henrik Ibsen
800	DRAMA	In 1642, they closed English theaters for 18 years	the Puritans
1000	DRAMA	As he wished, the last play of Eugene O'Neill was produced after his death	Long Day's Journey Into Night
200	LEGENDS	\"Inhaling the breath of a  loved one" is the reason for this Eskimo "kiss\"	rubbing noses
400	LEGENDS	People whose gods included Odin, Thor & Loki	the Vikings (or the Norse)
800	LEGENDS	Only hope remained after this ancient Greek's box was opened	Pandora's box
1000	LEGENDS	Pair of lovers separated by a garden wall, they inspired "Romeo & Juliet\"	Pyramus and Thisbe
0	GOVERNMENT	Decade the last amendment to the Constitution was ratified in	the 1970s
100	DEMOCRATS	Initials in common to all members of Lyndon Johnson's family	L.B.J.
200	DEMOCRATS	Seminarian who became California's "Guru Governor\"	Edmund Brown, Jr.
300	DEMOCRATS	Chrysler Corp. pres. considered by some Dems. as potential V.P. material	Lee Iacocca
400	DEMOCRATS	Colorado senator who served as McGovern's campaign manager in '72	Gary Hart
500	DEMOCRATS	Hubert Humphrey's running mate in '68	Edmund Muskie
200	BROADWAY MUSICALS	Rex Harrison's "Fair Lady" and Burton's Guinevere	Julie Andrews
300	BROADWAY MUSICALS	In 1967, Broadway said "hello" to this 1st black "Dolly\"	Pearl Bailey
400	BROADWAY MUSICALS	1931's "The Band Wagon" was the last time this brother & sister shared the dancing spotlight	the Astaires
500	BROADWAY MUSICALS	Musical in which Lester Billis was Nellie Forbush's "honey bun\"	South Pacific
100	COLORFUL GEOGRAPHY	Contrary to name, this world's largest island is primarily icecap	Greenland
200	COLORFUL GEOGRAPHY	National Park famous for faithful aquatic eruptions	Yellowstone
300	COLORFUL GEOGRAPHY	Only Universal Studios' special effects & Moses could part it	the Red Sea
400	COLORFUL GEOGRAPHY	Called the Schwarzwald, it's the deep dark woods of fairy tale fame	the Black Forest